transaction_id,investor_id,investor_name,state,amfi_code,transaction_date,transaction_type,amount,kyc_status
TXN10000,INV107,Ananya Gupta,Delhi,120503,10/05/2026,redemption,16023.85,Yes
TXN10001,INV111,Kabir Malhotra,Haryana,119551,2024-03-28,Lumpsum,65263.4,Pending
TXN10002,INV102,Vihaan Patel,Gujarat,120503,17-02-2025,sip,18748.75,pending
TXN10003,INV112,Rohan Das,West Bengal,118632,14/07/2025,Sip,98331.47,verified
TXN10004,INV103,Aditya Reddy,Telangana,120841,29/03/2026,lumpsum,1819.86,verified
TXN10005,INV114,Karan Mehta,Gujarat,119092,15-02-2026,lumpsum,24482.03,FAILED
TXN10006,INV112,Rohan Das,West Bengal,120841,14/02/2026,Sip,26248.61,Done
TXN10007,INV104,Sai Krishna,Tamil Nadu,119092,24-01-2025,Lumpsum,96973.67,pending
TXN10008,INV112,Rohan Das,West Bengal,119092,20-07-2024,Lumpsum,92226.49,Done
TXN10009,INV114,Karan Mehta,Gujarat,120503,2025/12/02,lumpsum,27499.23,Pending
TXN10010,INV113,Neha Joshi,Maharashtra,118632,05/06/2024,SIP,0.0,verified
TXN10011,INV101,Aarav Sharma,Maharashtra,120503,2025/10/09,Sip,73036.21,Y
TXN10012,INV105,Arjun Nair,Karnataka,119092,18-08-2024,Redeem,85078.84,N
TXN10013,INV101,Aarav Sharma,Maharashtra,125497,2025-12-28,Sip,27834.82,Yes
TXN10014,INV101,Aarav Sharma,Maharashtra,119551,04/09/2025,Sip,56347.08,FAILED
TXN10015,INV109,Ishaan Mishra,Bihar,119092,2025/07/07,Sip,-5000.0,FAILED
TXN10016,INV117,Pranav Kumar,Bihar,120503,2024/04/05,lumpsum,41333.1,failed
TXN10017,INV104,Sai Krishna,Tamil Nadu,120841,08/06/2024,Sip,93004.92,verified
TXN10018,INV106,Diya Sen,West Bengal,120503,2024/01/28,Lumpsum,54164.55,pending
TXN10019,INV107,Ananya Gupta,Delhi,125497,2024-08-12,Redeem,551.78,verified
TXN10020,INV103,Aditya Reddy,Telangana,125497,31/03/2025,Redeem,69397.39,pending
TXN10021,INV112,Rohan Das,West Bengal,119551,2025/01/08,redemption,36681.15,Y
TXN10022,INV120,Aditi Pillai,Tamil Nadu,120503,24/05/2025,sip,15234.65,Done
TXN10023,INV117,Pranav Kumar,Bihar,119551,22-04-2024,sip,3788.55,Y
TXN10024,INV101,Aarav Sharma,Maharashtra,119551,29-09-2025,lumpsum,98572.22,FAILED
TXN10025,INV104,Sai Krishna,Tamil Nadu,119551,02/07/2024,SIP,37094.42,No
TXN10026,INV102,Vihaan Patel,Gujarat,125497,2025/05/25,SIP,51065.78,Yes
TXN10027,INV120,Aditi Pillai,Tamil Nadu,120503,06-02-2025,Sip,35192.27,FAILED
TXN10028,INV120,Aditi Pillai,Tamil Nadu,118632,01/10/2025,sip,67731.17,verified
TXN10029,INV118,Aanya Saxena,Uttar Pradesh,125497,24/10/2024,Redemption,81813.61,verified
TXN10030,INV120,Aditi Pillai,Tamil Nadu,120503,30-05-2026,SIP,89772.97,Pending
TXN10031,INV109,Ishaan Mishra,Bihar,118632,08/04/2024,Sip,40748.56,Y
TXN10032,INV120,Aditi Pillai,Tamil Nadu,119551,2025/09/16,Lumpsum,60839.69,Yes
TXN10033,INV116,Yash Singhal,Delhi,125497,17/04/2025,Redeem,0.0,N
TXN10034,INV102,Vihaan Patel,Gujarat,125497,2024/06/11,Redeem,2298.5,Pending
TXN10035,INV116,Yash Singhal,Delhi,120503,2025/05/18,redemption,65932.48,Y
TXN10036,INV116,Yash Singhal,Delhi,120503,01-06-2026,Redemption,59192.15,Verified
TXN10037,INV113,Neha Joshi,Maharashtra,119551,2025/03/13,sip,64687.78,Y
TXN10038,INV105,Arjun Nair,Karnataka,120503,2026/04/08,Sip,76971.12,Y
TXN10039,INV112,Rohan Das,West Bengal,120503,2024-06-06,lumpsum,74898.02,Pending
TXN10040,INV117,Pranav Kumar,Bihar,125497,29/06/2024,Sip,7996.95,Pending
TXN10041,INV101,Aarav Sharma,Maharashtra,119551,07-05-2024,Redeem,84499.21,Yes
TXN10042,INV108,Rahul Verma,Uttar Pradesh,125497,02-03-2026,LUMP_SUM,25789.28,pending
TXN10043,INV102,Vihaan Patel,Gujarat,119092,2026/02/23,SIP,71036.64,FAILED
TXN10044,INV110,Meera Rao,Karnataka,119092,16-05-2026,Redeem,8618.62,FAILED
TXN10045,INV104,Sai Krishna,Tamil Nadu,120841,2024-01-20,redemption,79681.37,Yes
TXN10046,INV115,Tanvi Bhat,Karnataka,120503,19-12-2024,Redemption,33151.19,pending
TXN10047,INV117,Pranav Kumar,Bihar,120503,12-11-2025,LUMP_SUM,33001.8,Done
TXN10048,INV112,Rohan Das,West Bengal,120503,05/01/2024,Lumpsum,19840.81,Yes
TXN10049,INV108,Rahul Verma,Uttar Pradesh,120503,2025-10-17,sip,32634.17,Y
TXN10050,INV119,Rithvik Choudhury,Telangana,120503,27/02/2024,lumpsum,8546.86,verified
TXN10051,INV112,Rohan Das,West Bengal,120841,02-10-2025,SIP,24358.84,Verified
TXN10052,INV116,Yash Singhal,Delhi,118632,2025-05-02,lumpsum,51911.28,Pending
TXN10053,INV103,Aditya Reddy,Telangana,120503,2024/06/02,Sip,1932.15,Pending
TXN10054,INV115,Tanvi Bhat,Karnataka,118632,03-04-2024,Lumpsum,2207.53,pending
TXN10055,INV116,Yash Singhal,Delhi,120841,2025/07/04,SIP,65152.48,pending
TXN10056,INV110,Meera Rao,Karnataka,125497,2026/04/16,sip,2022.8,Yes
TXN10057,INV101,Aarav Sharma,Maharashtra,120841,2025/05/30,redemption,94453.03,failed
TXN10058,INV120,Aditi Pillai,Tamil Nadu,120503,20/11/2025,SIP,54788.87,Pending
TXN10059,INV112,Rohan Das,West Bengal,119551,2025-07-30,redemption,19981.22,N
TXN10060,INV119,Rithvik Choudhury,Telangana,119092,04/02/2024,SIP,38846.96,pending
TXN10061,INV102,Vihaan Patel,Gujarat,119551,08/09/2025,Lumpsum,35159.49,failed
TXN10062,INV104,Sai Krishna,Tamil Nadu,118632,2024-10-03,Redeem,42635.36,Done
TXN10063,INV103,Aditya Reddy,Telangana,118632,2024/04/08,Lumpsum,77753.09,Done
TXN10064,INV105,Arjun Nair,Karnataka,120503,03/01/2025,Redemption,10760.82,Y
TXN10065,INV117,Pranav Kumar,Bihar,125497,2025/08/18,Redeem,89604.56,Y
TXN10066,INV104,Sai Krishna,Tamil Nadu,120503,2025-03-20,Sip,32271.71,No
TXN10067,INV119,Rithvik Choudhury,Telangana,119092,2025/01/01,lumpsum,60442.87,No
TXN10068,INV104,Sai Krishna,Tamil Nadu,120841,2024/05/30,Redeem,93127.45,pending
TXN10069,INV107,Ananya Gupta,Delhi,125497,10-08-2024,lumpsum,54818.62,failed
TXN10070,INV118,Aanya Saxena,Uttar Pradesh,120503,09-01-2024,SIP,8868.63,Done
TXN10071,INV110,Meera Rao,Karnataka,118632,05-03-2026,sip,8941.35,Yes
TXN10072,INV108,Rahul Verma,Uttar Pradesh,120841,12-04-2026,Lumpsum,90815.52,No
TXN10073,INV104,Sai Krishna,Tamil Nadu,125497,08/09/2024,Sip,56061.22,failed
TXN10074,INV110,Meera Rao,Karnataka,119092,14/06/2025,Sip,40817.61,pending
TXN10075,INV120,Aditi Pillai,Tamil Nadu,120503,2025-03-31,Redeem,68263.42,verified
TXN10076,INV117,Pranav Kumar,Bihar,118632,2026-04-03,LUMP_SUM,80309.87,Pending
TXN10077,INV116,Yash Singhal,Delhi,125497,31/07/2024,lumpsum,69693.41,verified
TXN10078,INV118,Aanya Saxena,Uttar Pradesh,118632,31-10-2024,SIP,58639.27,FAILED
TXN10079,INV111,Kabir Malhotra,Haryana,120503,2024/11/25,redemption,11122.23,Pending
TXN10080,INV108,Rahul Verma,Uttar Pradesh,119092,2024/12/13,redemption,58573.78,Pending
TXN10081,INV109,Ishaan Mishra,Bihar,120503,04/12/2025,LUMP_SUM,-5000.0,verified
TXN10082,INV101,Aarav Sharma,Maharashtra,120841,2025-12-24,Sip,95005.09,Pending
TXN10083,INV115,Tanvi Bhat,Karnataka,118632,25-03-2025,redemption,55382.99,Pending
TXN10084,INV101,Aarav Sharma,Maharashtra,125497,05-03-2024,SIP,75083.04,verified
TXN10085,INV117,Pranav Kumar,Bihar,120841,2025-09-01,Sip,1860.36,FAILED
TXN10086,INV106,Diya Sen,West Bengal,120503,09/12/2025,lumpsum,55765.45,Pending
TXN10087,INV105,Arjun Nair,Karnataka,119092,02/04/2025,SIP,20902.01,Y
TXN10088,INV119,Rithvik Choudhury,Telangana,120841,2025/12/17,SIP,62003.76,Done
TXN10089,INV107,Ananya Gupta,Delhi,119092,06-09-2024,LUMP_SUM,52256.27,Y
TXN10090,INV112,Rohan Das,West Bengal,120841,03/01/2026,Redeem,48264.57,FAILED
TXN10091,INV115,Tanvi Bhat,Karnataka,120841,02-05-2026,sip,90363.53,N
TXN10092,INV106,Diya Sen,West Bengal,119092,07-04-2024,Sip,35151.42,Verified
TXN10093,INV101,Aarav Sharma,Maharashtra,120503,25/06/2025,Sip,79748.94,pending
TXN10094,INV117,Pranav Kumar,Bihar,119092,2026/02/23,Lumpsum,98013.24,Pending
TXN10095,INV102,Vihaan Patel,Gujarat,120841,05/05/2024,Sip,46281.86,failed
TXN10096,INV116,Yash Singhal,Delhi,120503,2024/12/25,redemption,87494.6,failed
TXN10097,INV118,Aanya Saxena,Uttar Pradesh,120841,25/09/2025,Sip,34835.72,pending
TXN10098,INV106,Diya Sen,West Bengal,118632,2025-10-06,sip,33344.9,failed
TXN10099,INV109,Ishaan Mishra,Bihar,119092,05/09/2024,Redeem,51409.87,failed
TXN10100,INV116,Yash Singhal,Delhi,120841,02-12-2024,Lumpsum,74951.84,No
TXN10101,INV115,Tanvi Bhat,Karnataka,125497,09-06-2025,Redemption,72191.35,pending
TXN10102,INV114,Karan Mehta,Gujarat,119551,07/11/2024,Redemption,84521.85,failed
TXN10103,INV115,Tanvi Bhat,Karnataka,120503,30-09-2024,LUMP_SUM,24625.82,verified
TXN10104,INV105,Arjun Nair,Karnataka,120503,14/12/2025,Redeem,9375.83,verified
TXN10105,INV117,Pranav Kumar,Bihar,120841,2024-07-30,Lumpsum,65057.87,N
TXN10106,INV115,Tanvi Bhat,Karnataka,120503,20-04-2024,sip,58860.28,Yes
TXN10107,INV110,Meera Rao,Karnataka,118632,04-09-2025,Lumpsum,57292.44,Done
TXN10108,INV113,Neha Joshi,Maharashtra,125497,2026-01-10,SIP,0.0,Pending
TXN10109,INV106,Diya Sen,West Bengal,125497,2025/05/17,Lumpsum,9244.82,Done
TXN10110,INV109,Ishaan Mishra,Bihar,119551,30/08/2024,redemption,99726.93,Verified
TXN10111,INV102,Vihaan Patel,Gujarat,120503,01/01/2026,Lumpsum,0.0,Verified
TXN10112,INV117,Pranav Kumar,Bihar,125497,18-05-2025,Sip,71986.5,failed
TXN10113,INV108,Rahul Verma,Uttar Pradesh,119092,2025-03-10,lumpsum,32706.08,Yes
TXN10114,INV120,Aditi Pillai,Tamil Nadu,118632,2025-06-15,SIP,29218.74,Pending
TXN10115,INV111,Kabir Malhotra,Haryana,120503,24/04/2026,Sip,,N
TXN10116,INV110,Meera Rao,Karnataka,120841,2025/10/11,sip,81082.51,Y
TXN10117,INV105,Arjun Nair,Karnataka,118632,2026-02-23,redemption,79531.8,Y
TXN10118,INV105,Arjun Nair,Karnataka,125497,23-08-2024,lumpsum,93864.88,Yes
TXN10119,INV103,Aditya Reddy,Telangana,118632,2024/10/22,LUMP_SUM,,Done
TXN10120,INV111,Kabir Malhotra,Haryana,118632,16-08-2024,Sip,81550.18,failed
TXN10121,INV114,Karan Mehta,Gujarat,119092,2025/07/27,Redeem,39548.29,Done
TXN10122,INV108,Rahul Verma,Uttar Pradesh,125497,10/03/2026,LUMP_SUM,44155.1,Y
TXN10123,INV117,Pranav Kumar,Bihar,118632,17-05-2025,lumpsum,62611.68,Yes
TXN10124,INV106,Diya Sen,West Bengal,125497,01/08/2025,Sip,14357.57,Y
TXN10125,INV120,Aditi Pillai,Tamil Nadu,125497,18/08/2024,Lumpsum,75364.11,Pending
TXN10126,INV101,Aarav Sharma,Maharashtra,125497,14-07-2024,sip,87738.18,Y
TXN10127,INV106,Diya Sen,West Bengal,120841,07/06/2024,Lumpsum,60593.81,Done
TXN10128,INV105,Arjun Nair,Karnataka,120841,2024/02/16,sip,0.0,Yes
TXN10129,INV119,Rithvik Choudhury,Telangana,120503,18-10-2024,lumpsum,95927.94,Done
TXN10130,INV106,Diya Sen,West Bengal,125497,12/12/2025,redemption,61339.7,Done
TXN10131,INV111,Kabir Malhotra,Haryana,120503,2024/12/21,Lumpsum,2790.75,pending
TXN10132,INV117,Pranav Kumar,Bihar,120503,09-03-2026,Redeem,73776.2,Done
TXN10133,INV109,Ishaan Mishra,Bihar,125497,17/02/2026,SIP,98491.7,No
TXN10134,INV101,Aarav Sharma,Maharashtra,125497,20/07/2025,redemption,38240.92,Pending
TXN10135,INV109,Ishaan Mishra,Bihar,119092,2025-03-11,lumpsum,11869.6,No
TXN10136,INV111,Kabir Malhotra,Haryana,125497,20/01/2025,sip,91886.25,failed
TXN10137,INV112,Rohan Das,West Bengal,119551,27-06-2024,redemption,16968.58,Pending
TXN10138,INV101,Aarav Sharma,Maharashtra,118632,11/10/2024,LUMP_SUM,21661.74,Y
TXN10139,INV107,Ananya Gupta,Delhi,118632,2024-03-24,SIP,86132.89,Done
TXN10140,INV117,Pranav Kumar,Bihar,118632,2026-01-05,Redemption,80078.31,Y
TXN10141,INV113,Neha Joshi,Maharashtra,120841,2024/10/12,redemption,29757.45,Yes
TXN10142,INV115,Tanvi Bhat,Karnataka,119092,12-07-2024,SIP,56184.21,No
TXN10143,INV101,Aarav Sharma,Maharashtra,120841,24/02/2024,Sip,27439.09,N
TXN10144,INV101,Aarav Sharma,Maharashtra,120503,10-03-2026,Redemption,3196.05,FAILED
TXN10145,INV103,Aditya Reddy,Telangana,119551,2026-02-05,redemption,80091.65,Yes
TXN10146,INV119,Rithvik Choudhury,Telangana,118632,26/08/2025,redemption,24695.63,Done
TXN10147,INV114,Karan Mehta,Gujarat,119551,2025/03/27,lumpsum,40936.03,FAILED
TXN10148,INV116,Yash Singhal,Delhi,119092,07-01-2024,Redemption,84888.75,Yes
TXN10149,INV104,Sai Krishna,Tamil Nadu,120841,30-11-2025,sip,62663.75,failed
TXN10150,INV110,Meera Rao,Karnataka,119092,07/12/2025,Redemption,62602.82,Verified
TXN10151,INV109,Ishaan Mishra,Bihar,119092,2024/02/22,Sip,76478.78,Done
TXN10152,INV117,Pranav Kumar,Bihar,119092,2024/06/06,Redemption,42808.74,Yes
TXN10153,INV117,Pranav Kumar,Bihar,125497,2025/06/04,sip,26159.82,Verified
TXN10154,INV111,Kabir Malhotra,Haryana,125497,04-01-2024,sip,2329.87,N
TXN10155,INV110,Meera Rao,Karnataka,120503,10-02-2024,sip,65316.33,pending
TXN10156,INV112,Rohan Das,West Bengal,120841,23-05-2026,lumpsum,27016.59,failed
TXN10157,INV108,Rahul Verma,Uttar Pradesh,119092,2024-09-24,Redeem,57542.79,Y
TXN10158,INV114,Karan Mehta,Gujarat,119092,01/04/2026,SIP,60513.63,pending
TXN10159,INV111,Kabir Malhotra,Haryana,119551,2025/05/26,SIP,61235.26,Verified
TXN10160,INV102,Vihaan Patel,Gujarat,125497,2025-02-09,redemption,3602.72,No
TXN10161,INV119,Rithvik Choudhury,Telangana,119551,31/08/2024,SIP,59885.86,N
TXN10162,INV109,Ishaan Mishra,Bihar,119092,2025-03-25,Redeem,72954.78,verified
TXN10163,INV111,Kabir Malhotra,Haryana,119092,25/01/2024,Sip,80041.88,Yes
TXN10164,INV106,Diya Sen,West Bengal,119092,07/06/2025,lumpsum,91772.7,Y
TXN10165,INV110,Meera Rao,Karnataka,118632,2026-04-02,redemption,64075.46,Y
TXN10166,INV105,Arjun Nair,Karnataka,125497,2025/12/10,Redeem,64843.16,failed
TXN10167,INV109,Ishaan Mishra,Bihar,120841,21/06/2025,Redemption,55802.75,Verified
TXN10168,INV107,Ananya Gupta,Delhi,125497,2024-11-30,Redemption,92477.42,N
TXN10169,INV118,Aanya Saxena,Uttar Pradesh,125497,06/01/2025,Sip,82977.09,Y
TXN10170,INV114,Karan Mehta,Gujarat,119551,2025/09/11,sip,53261.38,pending
TXN10171,INV112,Rohan Das,West Bengal,118632,2025-05-30,LUMP_SUM,62776.19,pending
TXN10172,INV112,Rohan Das,West Bengal,125497,25/03/2025,Sip,2616.31,FAILED
TXN10173,INV113,Neha Joshi,Maharashtra,120841,2024/09/30,Sip,1443.8,Y
TXN10174,INV112,Rohan Das,West Bengal,118632,2024/09/28,Redeem,42067.79,FAILED
TXN10175,INV120,Aditi Pillai,Tamil Nadu,120841,30-07-2025,SIP,35784.9,N
TXN10176,INV104,Sai Krishna,Tamil Nadu,119092,2024-10-19,SIP,4987.52,Y
TXN10177,INV104,Sai Krishna,Tamil Nadu,120503,05-07-2024,lumpsum,9396.39,Verified
TXN10178,INV107,Ananya Gupta,Delhi,125497,09/12/2024,sip,99121.28,failed
TXN10179,INV108,Rahul Verma,Uttar Pradesh,120503,10/05/2026,LUMP_SUM,51512.51,pending
TXN10180,INV111,Kabir Malhotra,Haryana,119092,04-04-2026,Redeem,78068.66,Verified
TXN10181,INV105,Arjun Nair,Karnataka,120841,23/02/2024,Redemption,92811.35,pending
TXN10182,INV117,Pranav Kumar,Bihar,120841,09-06-2026,Sip,69754.05,Done
TXN10183,INV103,Aditya Reddy,Telangana,119551,2026/02/19,Redeem,58218.58,N
TXN10184,INV111,Kabir Malhotra,Haryana,118632,18/11/2024,Redeem,,N
TXN10185,INV112,Rohan Das,West Bengal,119092,04/06/2025,redemption,73653.66,N
TXN10186,INV115,Tanvi Bhat,Karnataka,125497,23/11/2024,lumpsum,,N
TXN10187,INV106,Diya Sen,West Bengal,120841,2024/11/11,lumpsum,6620.94,Yes
TXN10188,INV103,Aditya Reddy,Telangana,119092,09/02/2024,SIP,79843.89,Done
TXN10189,INV101,Aarav Sharma,Maharashtra,119551,2025/07/24,Redeem,24249.66,Pending
TXN10190,INV110,Meera Rao,Karnataka,120503,09/07/2024,LUMP_SUM,88222.89,pending
TXN10191,INV119,Rithvik Choudhury,Telangana,119092,2025/01/28,lumpsum,16495.61,No
TXN10192,INV102,Vihaan Patel,Gujarat,125497,2025-08-11,Redemption,8867.77,failed
TXN10193,INV117,Pranav Kumar,Bihar,118632,2024/01/17,sip,54228.55,Yes
TXN10194,INV116,Yash Singhal,Delhi,125497,11-04-2025,Redemption,96317.7,Pending
TXN10195,INV104,Sai Krishna,Tamil Nadu,120503,2026/05/13,sip,17054.57,Verified
TXN10196,INV117,Pranav Kumar,Bihar,119092,2026-06-04,LUMP_SUM,5051.33,N
TXN10197,INV114,Karan Mehta,Gujarat,120841,2025/12/16,Sip,38669.42,failed
TXN10198,INV101,Aarav Sharma,Maharashtra,125497,28/05/2026,Sip,602.43,N
TXN10199,INV114,Karan Mehta,Gujarat,119092,2024/10/11,SIP,85493.87,FAILED
TXN10200,INV111,Kabir Malhotra,Haryana,120503,10-03-2026,Lumpsum,27689.32,Y
TXN10201,INV112,Rohan Das,West Bengal,120503,21/01/2024,lumpsum,40060.64,verified
TXN10202,INV105,Arjun Nair,Karnataka,119551,2025-05-21,LUMP_SUM,21703.92,Y
TXN10203,INV112,Rohan Das,West Bengal,119092,2024/09/27,redemption,20768.27,Pending
TXN10204,INV108,Rahul Verma,Uttar Pradesh,119551,16-11-2025,Lumpsum,0.0,Pending
TXN10205,INV103,Aditya Reddy,Telangana,120503,11/07/2025,Redeem,0.0,FAILED
TXN10206,INV117,Pranav Kumar,Bihar,125497,2024/08/23,Lumpsum,22941.24,Verified
TXN10207,INV102,Vihaan Patel,Gujarat,119551,2024-03-04,SIP,0.0,N
TXN10208,INV118,Aanya Saxena,Uttar Pradesh,125497,09/05/2025,LUMP_SUM,69650.7,Y
TXN10209,INV106,Diya Sen,West Bengal,118632,26/01/2025,LUMP_SUM,15019.25,verified
TXN10210,INV114,Karan Mehta,Gujarat,125497,2024/03/26,Lumpsum,77692.57,N
TXN10211,INV101,Aarav Sharma,Maharashtra,119092,2024-08-12,Redeem,3803.71,No
TXN10212,INV107,Ananya Gupta,Delhi,119092,14/06/2024,sip,4597.76,Y
TXN10213,INV108,Rahul Verma,Uttar Pradesh,119551,12/11/2024,LUMP_SUM,61852.16,verified
TXN10214,INV118,Aanya Saxena,Uttar Pradesh,120503,2024/09/20,sip,78450.56,failed
TXN10215,INV107,Ananya Gupta,Delhi,119551,2024/03/24,Lumpsum,78491.34,Yes
TXN10216,INV109,Ishaan Mishra,Bihar,120503,23-05-2026,sip,25086.77,verified
TXN10217,INV113,Neha Joshi,Maharashtra,119551,01/05/2024,Redemption,74555.77,FAILED
TXN10218,INV119,Rithvik Choudhury,Telangana,120503,16-08-2025,sip,33565.31,Done
TXN10219,INV109,Ishaan Mishra,Bihar,119551,2025/10/04,Sip,7683.74,Y
TXN10220,INV107,Ananya Gupta,Delhi,120503,27-03-2026,lumpsum,74399.3,No
TXN10221,INV105,Arjun Nair,Karnataka,120503,2026/01/01,Lumpsum,54558.4,Yes
TXN10222,INV109,Ishaan Mishra,Bihar,120503,2024-09-06,sip,87405.61,N
TXN10223,INV104,Sai Krishna,Tamil Nadu,125497,21-10-2024,Sip,91280.15,Yes
TXN10224,INV113,Neha Joshi,Maharashtra,119092,2025-07-05,SIP,71724.58,FAILED
TXN10225,INV110,Meera Rao,Karnataka,120503,09-06-2025,sip,85511.32,verified
TXN10226,INV115,Tanvi Bhat,Karnataka,125497,18/05/2025,Redeem,9978.52,Y
TXN10227,INV102,Vihaan Patel,Gujarat,119551,2024-08-16,SIP,13521.93,FAILED
TXN10228,INV115,Tanvi Bhat,Karnataka,119551,10/01/2024,LUMP_SUM,52217.51,pending
TXN10229,INV112,Rohan Das,West Bengal,125497,2024-12-26,lumpsum,61905.93,Y
TXN10230,INV120,Aditi Pillai,Tamil Nadu,120503,30/04/2024,lumpsum,53584.44,Y
TXN10231,INV117,Pranav Kumar,Bihar,120503,2026/04/03,LUMP_SUM,11636.0,N
TXN10232,INV114,Karan Mehta,Gujarat,119092,2025-05-25,Lumpsum,,Y
TXN10233,INV103,Aditya Reddy,Telangana,125497,2025-04-29,lumpsum,58674.73,pending
TXN10234,INV120,Aditi Pillai,Tamil Nadu,120841,2024/08/29,sip,97323.23,FAILED
TXN10235,INV115,Tanvi Bhat,Karnataka,119551,26/06/2024,LUMP_SUM,3482.37,No
TXN10236,INV116,Yash Singhal,Delhi,119092,2026/01/15,Redemption,19240.73,FAILED
TXN10237,INV108,Rahul Verma,Uttar Pradesh,120841,17-12-2024,lumpsum,25903.0,Y
TXN10238,INV111,Kabir Malhotra,Haryana,119092,17-02-2025,sip,86956.05,Done
TXN10239,INV117,Pranav Kumar,Bihar,120503,2026-04-19,Lumpsum,21959.68,Pending
TXN10240,INV116,Yash Singhal,Delhi,120841,26-12-2024,sip,5297.1,verified
TXN10241,INV101,Aarav Sharma,Maharashtra,118632,2024/03/29,Redeem,29224.22,failed
TXN10242,INV104,Sai Krishna,Tamil Nadu,119092,15-01-2025,Lumpsum,80880.67,N
TXN10243,INV113,Neha Joshi,Maharashtra,118632,05/10/2024,SIP,54676.67,verified
TXN10244,INV115,Tanvi Bhat,Karnataka,118632,16-03-2024,Redemption,38351.76,verified
TXN10245,INV101,Aarav Sharma,Maharashtra,118632,2026-01-05,Sip,7782.99,Yes
TXN10246,INV108,Rahul Verma,Uttar Pradesh,125497,21-04-2026,Redeem,86401.7,N
TXN10247,INV106,Diya Sen,West Bengal,120503,2025-09-20,Redeem,40182.87,Pending
TXN10248,INV115,Tanvi Bhat,Karnataka,120503,09/01/2026,Redemption,71953.25,failed
TXN10249,INV111,Kabir Malhotra,Haryana,120841,21/01/2024,Redemption,7592.39,verified
TXN10250,INV104,Sai Krishna,Tamil Nadu,119551,20/02/2024,Lumpsum,35486.46,N
TXN10251,INV114,Karan Mehta,Gujarat,120841,2025/01/07,Sip,9417.82,N
TXN10252,INV102,Vihaan Patel,Gujarat,118632,2025/08/11,Redeem,12760.65,pending
TXN10253,INV107,Ananya Gupta,Delhi,120841,07/06/2024,redemption,18930.23,Done
TXN10254,INV104,Sai Krishna,Tamil Nadu,120503,27-03-2025,Redemption,37664.21,pending
TXN10255,INV115,Tanvi Bhat,Karnataka,119551,20/05/2024,LUMP_SUM,88478.54,verified
TXN10256,INV109,Ishaan Mishra,Bihar,119092,2025-01-12,redemption,55885.39,failed
TXN10257,INV105,Arjun Nair,Karnataka,120503,2024/02/19,Sip,67306.75,verified
TXN10258,INV118,Aanya Saxena,Uttar Pradesh,119551,06-11-2025,SIP,15721.89,Y
TXN10259,INV103,Aditya Reddy,Telangana,120503,2024-08-13,Redemption,18255.37,Pending
TXN10260,INV115,Tanvi Bhat,Karnataka,119551,2025/03/30,Redeem,59650.4,verified
TXN10261,INV102,Vihaan Patel,Gujarat,119551,2024-09-19,sip,43105.86,FAILED
TXN10262,INV109,Ishaan Mishra,Bihar,118632,03/04/2025,redemption,10858.91,pending
TXN10263,INV106,Diya Sen,West Bengal,119092,14/10/2024,Lumpsum,89471.99,Yes
TXN10264,INV109,Ishaan Mishra,Bihar,118632,09-06-2026,Redeem,44519.79,N
TXN10265,INV105,Arjun Nair,Karnataka,120503,2025/06/22,lumpsum,59484.79,Yes
TXN10266,INV112,Rohan Das,West Bengal,120841,27/02/2024,LUMP_SUM,99416.87,N
TXN10267,INV106,Diya Sen,West Bengal,118632,13-03-2026,Redemption,6484.16,pending
TXN10268,INV104,Sai Krishna,Tamil Nadu,120841,2026-04-24,Redeem,41243.05,verified
TXN10269,INV116,Yash Singhal,Delhi,120503,2025/10/18,redemption,92754.19,FAILED
TXN10270,INV119,Rithvik Choudhury,Telangana,125497,2025/05/31,redemption,24743.84,Pending
TXN10271,INV120,Aditi Pillai,Tamil Nadu,125497,09-02-2025,redemption,13207.49,Verified
TXN10272,INV120,Aditi Pillai,Tamil Nadu,119092,23-05-2025,Lumpsum,26679.7,N
TXN10273,INV109,Ishaan Mishra,Bihar,120841,08/02/2026,Redeem,30899.67,No
TXN10274,INV104,Sai Krishna,Tamil Nadu,119092,06-11-2024,Sip,57671.44,Pending
TXN10275,INV120,Aditi Pillai,Tamil Nadu,119092,12/01/2024,SIP,81836.25,Yes
TXN10276,INV110,Meera Rao,Karnataka,125497,06-04-2025,Sip,30815.57,verified
TXN10277,INV115,Tanvi Bhat,Karnataka,120841,05-11-2025,sip,95753.63,N
TXN10278,INV110,Meera Rao,Karnataka,118632,2026-03-03,LUMP_SUM,60833.91,Y
TXN10279,INV114,Karan Mehta,Gujarat,125497,2024-08-25,Lumpsum,40166.97,verified
TXN10280,INV113,Neha Joshi,Maharashtra,120841,2025/04/26,lumpsum,-5000.0,verified
TXN10281,INV115,Tanvi Bhat,Karnataka,120503,2024/06/21,Lumpsum,11013.64,Verified
TXN10282,INV111,Kabir Malhotra,Haryana,125497,2024/05/09,Redemption,6604.29,Yes
TXN10283,INV102,Vihaan Patel,Gujarat,119092,10-12-2024,sip,,Done
TXN10284,INV115,Tanvi Bhat,Karnataka,118632,2024-03-23,Sip,78378.26,Yes
TXN10285,INV107,Ananya Gupta,Delhi,120503,2025/08/31,Lumpsum,81490.04,FAILED
TXN10286,INV120,Aditi Pillai,Tamil Nadu,120841,2026/03/30,LUMP_SUM,13505.68,No
TXN10287,INV103,Aditya Reddy,Telangana,119551,01-04-2024,Redemption,77045.84,FAILED
TXN10288,INV102,Vihaan Patel,Gujarat,125497,2025-12-31,LUMP_SUM,58423.75,FAILED
TXN10289,INV107,Ananya Gupta,Delhi,120841,2024-03-05,lumpsum,63115.23,Pending
TXN10290,INV118,Aanya Saxena,Uttar Pradesh,120841,2024/06/21,Lumpsum,26952.19,failed
TXN10291,INV120,Aditi Pillai,Tamil Nadu,120841,04-03-2026,Lumpsum,24726.06,N
TXN10292,INV108,Rahul Verma,Uttar Pradesh,119551,2026-01-14,Lumpsum,39543.18,pending
TXN10293,INV113,Neha Joshi,Maharashtra,118632,2024/04/14,SIP,94311.7,N
TXN10294,INV116,Yash Singhal,Delhi,120841,06-04-2024,sip,-5000.0,Done
TXN10295,INV111,Kabir Malhotra,Haryana,119092,14/02/2026,LUMP_SUM,61586.39,FAILED
TXN10296,INV113,Neha Joshi,Maharashtra,119551,2025/08/03,SIP,5259.17,Done
TXN10297,INV111,Kabir Malhotra,Haryana,118632,12/09/2025,redemption,4039.3,No
TXN10298,INV108,Rahul Verma,Uttar Pradesh,119092,2024/12/31,Lumpsum,66306.38,Yes
TXN10299,INV111,Kabir Malhotra,Haryana,119092,2024-09-17,LUMP_SUM,26872.12,Verified
TXN10300,INV115,Tanvi Bhat,Karnataka,120503,02/12/2024,redemption,62654.03,N
TXN10301,INV115,Tanvi Bhat,Karnataka,119092,2025/07/14,Lumpsum,64568.47,pending
TXN10302,INV118,Aanya Saxena,Uttar Pradesh,119092,2024/05/28,redemption,48858.54,N
TXN10303,INV111,Kabir Malhotra,Haryana,119092,2026-02-21,redemption,9953.66,Done
TXN10304,INV114,Karan Mehta,Gujarat,120503,17-09-2025,Lumpsum,12589.39,Yes
TXN10305,INV114,Karan Mehta,Gujarat,118632,2026-06-06,Sip,32033.79,FAILED
TXN10306,INV117,Pranav Kumar,Bihar,120503,20/08/2024,sip,22495.81,Done
TXN10307,INV114,Karan Mehta,Gujarat,125497,08/10/2025,LUMP_SUM,27298.46,N
TXN10308,INV102,Vihaan Patel,Gujarat,120841,31/07/2024,Lumpsum,21744.38,Yes
TXN10309,INV112,Rohan Das,West Bengal,120841,04/10/2024,lumpsum,51081.87,Verified
TXN10310,INV119,Rithvik Choudhury,Telangana,120841,30/01/2024,Redeem,16427.13,pending
TXN10311,INV116,Yash Singhal,Delhi,118632,2026-05-25,Sip,10368.22,pending
TXN10312,INV102,Vihaan Patel,Gujarat,119551,17-04-2025,lumpsum,61790.55,failed
TXN10313,INV102,Vihaan Patel,Gujarat,118632,2024-04-21,Redeem,1020.35,pending
TXN10314,INV112,Rohan Das,West Bengal,118632,2024-01-14,sip,67998.69,Yes
TXN10315,INV106,Diya Sen,West Bengal,119551,10-04-2024,Lumpsum,64514.84,pending
TXN10316,INV103,Aditya Reddy,Telangana,119092,15-03-2026,lumpsum,0.0,FAILED
TXN10317,INV110,Meera Rao,Karnataka,125497,2026/02/10,Redeem,40531.55,FAILED
TXN10318,INV104,Sai Krishna,Tamil Nadu,120841,09/06/2025,redemption,22931.16,No
TXN10319,INV104,Sai Krishna,Tamil Nadu,125497,19-06-2025,sip,2781.81,Yes
TXN10320,INV117,Pranav Kumar,Bihar,125497,29-07-2024,redemption,78597.25,Verified
TXN10321,INV104,Sai Krishna,Tamil Nadu,119551,2025-03-07,Lumpsum,73682.81,Y
TXN10322,INV118,Aanya Saxena,Uttar Pradesh,120503,22/04/2024,Redeem,64435.24,Y
TXN10323,INV106,Diya Sen,West Bengal,120503,2025/10/21,LUMP_SUM,74848.35,FAILED
TXN10324,INV109,Ishaan Mishra,Bihar,119092,2025-02-03,Redeem,97974.85,Yes
TXN10325,INV113,Neha Joshi,Maharashtra,119551,16-09-2025,LUMP_SUM,52048.84,Yes
TXN10326,INV119,Rithvik Choudhury,Telangana,119092,30-06-2025,Sip,46442.41,No
TXN10327,INV117,Pranav Kumar,Bihar,120841,2024/03/14,lumpsum,63301.48,FAILED
TXN10328,INV107,Ananya Gupta,Delhi,119092,2025/10/02,Redeem,0.0,verified
TXN10329,INV114,Karan Mehta,Gujarat,120503,2024/12/29,Redeem,65867.04,No
TXN10330,INV112,Rohan Das,West Bengal,119092,17-02-2025,Redemption,90672.33,Done
TXN10331,INV110,Meera Rao,Karnataka,125497,2025-09-09,LUMP_SUM,49013.33,Done
TXN10332,INV111,Kabir Malhotra,Haryana,120503,29-04-2026,Redeem,31861.36,failed
TXN10333,INV107,Ananya Gupta,Delhi,125497,30/09/2025,sip,55057.9,Done
TXN10334,INV115,Tanvi Bhat,Karnataka,120841,01-03-2025,redemption,73216.69,pending
TXN10335,INV118,Aanya Saxena,Uttar Pradesh,120841,10/05/2024,lumpsum,46661.28,verified
TXN10336,INV112,Rohan Das,West Bengal,118632,2025-03-20,SIP,22919.03,pending
TXN10337,INV107,Ananya Gupta,Delhi,125497,2024-10-15,redemption,86083.9,pending
TXN10338,INV111,Kabir Malhotra,Haryana,118632,26-02-2025,SIP,8631.67,Verified
TXN10339,INV102,Vihaan Patel,Gujarat,118632,2026-04-21,lumpsum,85072.55,N
TXN10340,INV110,Meera Rao,Karnataka,119092,2024/05/23,Sip,54770.47,Done
TXN10341,INV115,Tanvi Bhat,Karnataka,125497,24-07-2025,Sip,,Y
TXN10342,INV107,Ananya Gupta,Delhi,120841,15-06-2025,Lumpsum,52178.89,Done
TXN10343,INV108,Rahul Verma,Uttar Pradesh,120841,19-03-2024,Lumpsum,24260.22,verified
TXN10344,INV108,Rahul Verma,Uttar Pradesh,119092,06-03-2026,SIP,-5000.0,verified
TXN10345,INV103,Aditya Reddy,Telangana,120503,06-04-2024,Lumpsum,37507.3,FAILED
TXN10346,INV118,Aanya Saxena,Uttar Pradesh,119551,09/12/2025,redemption,9856.59,verified
TXN10347,INV104,Sai Krishna,Tamil Nadu,120841,2025/08/19,Redemption,19986.16,Done
TXN10348,INV118,Aanya Saxena,Uttar Pradesh,119092,2026/04/07,LUMP_SUM,32017.79,Yes
TXN10349,INV113,Neha Joshi,Maharashtra,119551,09-10-2024,redemption,60012.21,FAILED
TXN10350,INV108,Rahul Verma,Uttar Pradesh,120841,2026/06/10,lumpsum,61722.15,Verified
TXN10351,INV119,Rithvik Choudhury,Telangana,118632,07/06/2025,Redemption,42067.22,FAILED
TXN10352,INV113,Neha Joshi,Maharashtra,119092,2024/09/16,LUMP_SUM,65785.33,failed
TXN10353,INV105,Arjun Nair,Karnataka,118632,2024-05-10,Lumpsum,89080.68,Pending
TXN10354,INV103,Aditya Reddy,Telangana,120841,2025-04-20,Redeem,54308.98,Yes
TXN10355,INV112,Rohan Das,West Bengal,118632,29-01-2025,Redeem,49674.14,Yes
TXN10356,INV112,Rohan Das,West Bengal,120503,08-03-2026,lumpsum,9174.36,Y
TXN10357,INV103,Aditya Reddy,Telangana,120503,2025-06-29,Sip,75008.22,verified
TXN10358,INV116,Yash Singhal,Delhi,125497,2024-09-29,Sip,-5000.0,N
TXN10359,INV102,Vihaan Patel,Gujarat,119551,2024/09/04,Redemption,65700.6,Y
TXN10360,INV108,Rahul Verma,Uttar Pradesh,119551,30-05-2025,Redeem,36357.59,Pending
TXN10361,INV103,Aditya Reddy,Telangana,118632,2025-09-20,Lumpsum,87184.85,FAILED
TXN10362,INV109,Ishaan Mishra,Bihar,119551,2026-02-02,sip,87485.56,failed
TXN10363,INV102,Vihaan Patel,Gujarat,125497,03-07-2025,Lumpsum,13320.45,Yes
TXN10364,INV114,Karan Mehta,Gujarat,119551,2025-08-18,Redeem,3203.91,Verified
TXN10365,INV116,Yash Singhal,Delhi,118632,23-03-2024,Sip,70081.88,No
TXN10366,INV113,Neha Joshi,Maharashtra,125497,2024-03-03,Redemption,63691.37,No
TXN10367,INV114,Karan Mehta,Gujarat,125497,2025-03-12,Lumpsum,24568.44,Y
TXN10368,INV120,Aditi Pillai,Tamil Nadu,118632,15/10/2025,lumpsum,30341.95,verified
TXN10369,INV104,Sai Krishna,Tamil Nadu,119551,2024/03/08,redemption,33375.6,Verified
TXN10370,INV109,Ishaan Mishra,Bihar,120841,2024-03-02,Sip,79021.5,Pending
TXN10371,INV105,Arjun Nair,Karnataka,120503,18/05/2026,SIP,52761.36,verified
TXN10372,INV104,Sai Krishna,Tamil Nadu,119551,2025/04/26,SIP,-5000.0,FAILED
TXN10373,INV115,Tanvi Bhat,Karnataka,120503,2025/03/13,Redeem,16900.06,Verified
TXN10374,INV108,Rahul Verma,Uttar Pradesh,120841,29-03-2026,Lumpsum,64140.75,FAILED
TXN10375,INV107,Ananya Gupta,Delhi,120503,2025/06/23,LUMP_SUM,97091.24,N
TXN10376,INV102,Vihaan Patel,Gujarat,119551,2024-12-26,redemption,7557.76,verified
TXN10377,INV118,Aanya Saxena,Uttar Pradesh,118632,2025/07/26,LUMP_SUM,,Done
TXN10378,INV119,Rithvik Choudhury,Telangana,120503,2024-12-27,Redeem,48463.09,Done
TXN10379,INV114,Karan Mehta,Gujarat,119551,2025-03-07,Lumpsum,51898.98,Verified
TXN10380,INV117,Pranav Kumar,Bihar,125497,30-05-2026,redemption,-5000.0,Y
TXN10381,INV107,Ananya Gupta,Delhi,120841,2026-01-26,LUMP_SUM,40003.0,Pending
TXN10382,INV117,Pranav Kumar,Bihar,118632,2025/06/12,lumpsum,50987.49,verified
TXN10383,INV107,Ananya Gupta,Delhi,120841,04/12/2025,Sip,92977.96,Y
TXN10384,INV108,Rahul Verma,Uttar Pradesh,120503,2024/01/19,redemption,71546.25,Y
TXN10385,INV113,Neha Joshi,Maharashtra,119092,2024/04/12,lumpsum,0.0,failed
TXN10386,INV114,Karan Mehta,Gujarat,125497,06/03/2025,SIP,68815.7,N
TXN10387,INV104,Sai Krishna,Tamil Nadu,125497,03/11/2025,Lumpsum,12541.99,Done
TXN10388,INV120,Aditi Pillai,Tamil Nadu,118632,2026/01/06,Sip,94201.71,verified
TXN10389,INV110,Meera Rao,Karnataka,119092,29/03/2026,sip,12015.89,FAILED
TXN10390,INV103,Aditya Reddy,Telangana,120503,29/03/2025,lumpsum,7111.16,Done
TXN10391,INV102,Vihaan Patel,Gujarat,118632,24/09/2024,SIP,40237.19,Pending
TXN10392,INV117,Pranav Kumar,Bihar,118632,2024/10/05,Redeem,39045.56,failed
TXN10393,INV118,Aanya Saxena,Uttar Pradesh,120503,2025-09-02,Redemption,86243.38,N
TXN10394,INV103,Aditya Reddy,Telangana,119551,2024/06/04,Redeem,32227.25,pending
TXN10395,INV104,Sai Krishna,Tamil Nadu,120503,09-11-2025,redemption,64751.18,Pending
TXN10396,INV101,Aarav Sharma,Maharashtra,118632,2025/07/12,Sip,-5000.0,N
TXN10397,INV103,Aditya Reddy,Telangana,119551,23/04/2025,SIP,84790.38,Done
TXN10398,INV102,Vihaan Patel,Gujarat,120503,2025/03/15,LUMP_SUM,68983.29,N
TXN10399,INV105,Arjun Nair,Karnataka,125497,2025/01/10,Sip,38728.57,failed
TXN10400,INV114,Karan Mehta,Gujarat,125497,2024/12/28,Sip,-5000.0,failed
TXN10401,INV115,Tanvi Bhat,Karnataka,120841,25-06-2025,lumpsum,37354.5,Pending
TXN10402,INV103,Aditya Reddy,Telangana,125497,08-12-2025,Redeem,29196.34,No
TXN10403,INV117,Pranav Kumar,Bihar,120841,2026/01/05,LUMP_SUM,15837.43,Y
TXN10404,INV113,Neha Joshi,Maharashtra,119092,30-12-2024,lumpsum,44323.91,pending
TXN10405,INV102,Vihaan Patel,Gujarat,120841,16-07-2025,SIP,67900.04,Pending
TXN10406,INV112,Rohan Das,West Bengal,119551,2024/12/24,Sip,58506.95,Yes
TXN10407,INV113,Neha Joshi,Maharashtra,119092,2024/05/18,Sip,73590.5,N
TXN10408,INV108,Rahul Verma,Uttar Pradesh,125497,2026/01/30,Sip,39816.21,Pending
TXN10409,INV117,Pranav Kumar,Bihar,120841,12-06-2024,Sip,59504.94,N
TXN10410,INV111,Kabir Malhotra,Haryana,125497,15/11/2025,LUMP_SUM,79155.72,Pending
TXN10411,INV117,Pranav Kumar,Bihar,120503,11-07-2025,LUMP_SUM,46536.22,No
TXN10412,INV106,Diya Sen,West Bengal,119092,15-08-2024,SIP,44401.76,failed
TXN10413,INV111,Kabir Malhotra,Haryana,118632,13-05-2025,SIP,98083.56,N
TXN10414,INV119,Rithvik Choudhury,Telangana,120503,30/12/2024,Redeem,,Y
TXN10415,INV117,Pranav Kumar,Bihar,118632,2026/01/06,redemption,88404.74,failed
TXN10416,INV105,Arjun Nair,Karnataka,120841,2025-05-08,Redemption,0.0,Verified
TXN10417,INV111,Kabir Malhotra,Haryana,119551,19-07-2025,lumpsum,80541.5,Done
TXN10418,INV103,Aditya Reddy,Telangana,125497,26-02-2024,Sip,67843.72,Y
TXN10419,INV108,Rahul Verma,Uttar Pradesh,125497,08/10/2025,SIP,63474.18,Pending
TXN10420,INV113,Neha Joshi,Maharashtra,120841,2024/07/06,Redeem,84669.18,N
TXN10421,INV108,Rahul Verma,Uttar Pradesh,118632,12-03-2026,Lumpsum,7067.98,Yes
TXN10422,INV108,Rahul Verma,Uttar Pradesh,119551,2024-07-06,sip,0.0,Yes
TXN10423,INV106,Diya Sen,West Bengal,119092,18/10/2025,sip,70855.1,N
TXN10424,INV102,Vihaan Patel,Gujarat,119092,2024/01/13,sip,80446.53,Done
TXN10425,INV107,Ananya Gupta,Delhi,120841,2026-03-17,SIP,97908.62,Pending
TXN10426,INV119,Rithvik Choudhury,Telangana,120841,2026-02-25,Redeem,88921.58,FAILED
TXN10427,INV110,Meera Rao,Karnataka,119092,2025/04/28,LUMP_SUM,68420.41,N
TXN10428,INV114,Karan Mehta,Gujarat,120503,2024/02/22,LUMP_SUM,12435.39,failed
TXN10429,INV108,Rahul Verma,Uttar Pradesh,119092,12/01/2024,sip,63140.99,failed
TXN10430,INV109,Ishaan Mishra,Bihar,120503,14/07/2025,Redeem,0.0,pending
TXN10431,INV118,Aanya Saxena,Uttar Pradesh,125497,2024-10-20,Redemption,46963.32,Verified
TXN10432,INV105,Arjun Nair,Karnataka,120503,2026/06/07,Redeem,27404.13,failed
TXN10433,INV102,Vihaan Patel,Gujarat,120503,2025/03/27,sip,43664.83,Y
TXN10434,INV106,Diya Sen,West Bengal,120503,2025-11-21,SIP,49634.5,Y
TXN10435,INV110,Meera Rao,Karnataka,120841,2024-08-22,lumpsum,76223.26,Y
TXN10436,INV104,Sai Krishna,Tamil Nadu,118632,2025-08-28,lumpsum,63616.8,Pending
TXN10437,INV110,Meera Rao,Karnataka,118632,10-04-2024,Redemption,43556.55,N
TXN10438,INV114,Karan Mehta,Gujarat,119551,2024-08-23,Redemption,41942.19,No
TXN10439,INV102,Vihaan Patel,Gujarat,118632,24-11-2024,LUMP_SUM,21966.2,FAILED
TXN10440,INV113,Neha Joshi,Maharashtra,120841,2024-06-10,redemption,13009.56,Yes
TXN10441,INV106,Diya Sen,West Bengal,120503,2024/05/28,redemption,58127.94,Pending
TXN10442,INV111,Kabir Malhotra,Haryana,119551,2025-06-08,SIP,51828.26,Pending
TXN10443,INV110,Meera Rao,Karnataka,125497,2025-06-08,LUMP_SUM,2423.1,No
TXN10444,INV114,Karan Mehta,Gujarat,119092,2025-11-05,Sip,53328.3,Verified
TXN10445,INV120,Aditi Pillai,Tamil Nadu,120841,2024-06-19,Lumpsum,,pending
TXN10446,INV106,Diya Sen,West Bengal,118632,01/05/2026,SIP,97613.38,failed
TXN10447,INV110,Meera Rao,Karnataka,119551,23-06-2024,Redeem,26925.49,Pending
TXN10448,INV101,Aarav Sharma,Maharashtra,119092,2025/06/02,Redeem,634.69,failed
TXN10449,INV104,Sai Krishna,Tamil Nadu,120841,2025/10/08,Sip,-5000.0,failed
TXN10450,INV108,Rahul Verma,Uttar Pradesh,118632,2025/12/29,redemption,15656.61,Done
TXN10451,INV103,Aditya Reddy,Telangana,120841,2025-05-03,sip,47603.39,FAILED
TXN10452,INV112,Rohan Das,West Bengal,119092,30-05-2025,redemption,78626.36,No
TXN10453,INV118,Aanya Saxena,Uttar Pradesh,119551,2024/05/22,LUMP_SUM,22925.44,FAILED
TXN10454,INV110,Meera Rao,Karnataka,118632,2024-01-26,Sip,81206.82,Done
TXN10455,INV104,Sai Krishna,Tamil Nadu,120503,2025-05-05,SIP,34065.34,Verified
TXN10456,INV115,Tanvi Bhat,Karnataka,118632,16-11-2025,SIP,49982.59,verified
TXN10457,INV111,Kabir Malhotra,Haryana,125497,03-11-2025,LUMP_SUM,24568.38,pending
TXN10458,INV114,Karan Mehta,Gujarat,120841,24-01-2025,LUMP_SUM,54912.53,Yes
TXN10459,INV106,Diya Sen,West Bengal,120841,2025/06/03,SIP,99500.65,N
TXN10460,INV111,Kabir Malhotra,Haryana,120503,06-05-2025,Redeem,95167.27,Done
TXN10461,INV112,Rohan Das,West Bengal,119551,2024-12-22,sip,7771.62,Verified
TXN10462,INV118,Aanya Saxena,Uttar Pradesh,119092,2025/01/24,Sip,35826.59,Y
TXN10463,INV111,Kabir Malhotra,Haryana,119551,2024/09/01,sip,39582.98,pending
TXN10464,INV108,Rahul Verma,Uttar Pradesh,125497,2024/12/17,SIP,78244.21,No
TXN10465,INV118,Aanya Saxena,Uttar Pradesh,125497,02-04-2024,Redeem,78549.88,pending
TXN10466,INV111,Kabir Malhotra,Haryana,120841,28-12-2025,redemption,73021.71,failed
TXN10467,INV105,Arjun Nair,Karnataka,119551,2026-06-07,Sip,544.06,No
TXN10468,INV109,Ishaan Mishra,Bihar,125497,29/01/2026,sip,4968.67,FAILED
TXN10469,INV117,Pranav Kumar,Bihar,119551,2025-02-07,Sip,,FAILED
TXN10470,INV114,Karan Mehta,Gujarat,118632,2024-09-30,Lumpsum,57597.2,N
TXN10471,INV104,Sai Krishna,Tamil Nadu,118632,2024-04-23,Lumpsum,50842.81,failed
TXN10472,INV109,Ishaan Mishra,Bihar,118632,2026-06-08,SIP,68115.22,verified
TXN10473,INV104,Sai Krishna,Tamil Nadu,120841,12/09/2024,redemption,51911.49,pending
TXN10474,INV119,Rithvik Choudhury,Telangana,119551,2024/04/18,Redemption,94672.42,Done
TXN10475,INV105,Arjun Nair,Karnataka,120841,2025/04/06,Redemption,50005.22,No
TXN10476,INV113,Neha Joshi,Maharashtra,120841,2025/07/06,Sip,3764.56,verified
TXN10477,INV104,Sai Krishna,Tamil Nadu,119092,27/09/2024,lumpsum,9957.78,failed
TXN10478,INV108,Rahul Verma,Uttar Pradesh,120841,12-06-2024,redemption,82566.39,N
TXN10479,INV117,Pranav Kumar,Bihar,120841,2024/09/04,Redemption,39486.48,Pending
TXN10480,INV109,Ishaan Mishra,Bihar,118632,2025-05-23,LUMP_SUM,72451.26,Done
TXN10481,INV107,Ananya Gupta,Delhi,125497,2024-03-25,Lumpsum,646.65,No
TXN10482,INV112,Rohan Das,West Bengal,125497,2025/05/25,Redeem,42551.61,N
TXN10483,INV105,Arjun Nair,Karnataka,118632,21/04/2024,Sip,37408.63,failed
TXN10484,INV115,Tanvi Bhat,Karnataka,125497,09/01/2026,redemption,54475.86,Done
TXN10485,INV117,Pranav Kumar,Bihar,119551,09-03-2026,sip,58585.39,failed
TXN10486,INV110,Meera Rao,Karnataka,125497,2025-05-19,Lumpsum,63399.87,failed
TXN10487,INV105,Arjun Nair,Karnataka,125497,2026-01-22,Redeem,97255.79,Done
TXN10488,INV102,Vihaan Patel,Gujarat,119551,2024-07-16,Redemption,85121.93,verified
TXN10489,INV117,Pranav Kumar,Bihar,119092,2026-02-01,Redeem,33893.24,No
TXN10490,INV103,Aditya Reddy,Telangana,118632,2025-07-28,Redemption,31542.41,pending
TXN10491,INV115,Tanvi Bhat,Karnataka,120503,2025/06/27,Lumpsum,3006.74,No
TXN10492,INV103,Aditya Reddy,Telangana,125497,2026-04-05,sip,23879.85,failed
TXN10493,INV119,Rithvik Choudhury,Telangana,125497,2026-06-07,SIP,43244.8,Pending
TXN10494,INV116,Yash Singhal,Delhi,125497,2025/06/08,Sip,23059.37,failed
TXN10495,INV110,Meera Rao,Karnataka,118632,21/10/2025,Lumpsum,31996.69,Verified
TXN10496,INV119,Rithvik Choudhury,Telangana,118632,19/04/2026,redemption,85142.69,FAILED
TXN10497,INV119,Rithvik Choudhury,Telangana,119551,2024/07/28,redemption,,Y
TXN10498,INV112,Rohan Das,West Bengal,125497,18/07/2025,lumpsum,62318.6,Y
TXN10499,INV105,Arjun Nair,Karnataka,118632,2026-04-25,LUMP_SUM,35907.55,N
